msa,metric,year,value,ratio,lon,lat
NY,CPI,1914,9.9,0,1834861.8658551627,581300.2717055154
NY,CPI,1915,10.1,0,1834861.8658551627,581300.2717055154
NY,CPI,1916,11.3,0,1834861.8658551627,581300.2717055154
NY,CPI,1917,13.8,0,1834861.8658551627,581300.2717055154
NY,CPI,1918,16.8,0,1834861.8658551627,581300.2717055154
NY,CPI,1919,18.200000000000003,0,1834861.8658551627,581300.2717055154
NY,CPI,1920,20.2,0,1834861.8658551627,581300.2717055154
NY,CPI,1921,17.9,0,1834861.8658551627,581300.2717055154
NY,CPI,1922,17.15,0,1834861.8658551627,581300.2717055154
NY,CPI,1923,17.5,0,1834861.8658551627,581300.2717055154
NY,CPI,1924,17.4,0,1834861.8658551627,581300.2717055154
NY,CPI,1925,18.1,0,1834861.8658551627,581300.2717055154
NY,CPI,1926,18.1,0,1834861.8658551627,581300.2717055154
NY,CPI,1927,18.05,0,1834861.8658551627,581300.2717055154
NY,CPI,1928,17.75,0,1834861.8658551627,581300.2717055154
NY,CPI,1929,17.85,0,1834861.8658551627,581300.2717055154
NY,CPI,1930,17.2,0,1834861.8658551627,581300.2717055154
NY,CPI,1931,15.7,0,1834861.8658551627,581300.2717055154
NY,CPI,1932,14.45,0,1834861.8658551627,581300.2717055154
NY,CPI,1933,13.85,0,1834861.8658551627,581300.2717055154
NY,CPI,1934,14.350000000000001,0,1834861.8658551627,581300.2717055154
NY,CPI,1935,14.4,0,1834861.8658551627,581300.2717055154
NY,CPI,1936,14.5,0,1834861.8658551627,581300.2717055154
NY,CPI,1937,14.9,0,1834861.8658551627,581300.2717055154
NY,CPI,1938,14.55,0,1834861.8658551627,581300.2717055154
NY,CPI,1939,14.55,0,1834861.8658551627,581300.2717055154
NY,CPI,1940,14.7,0,1834861.8658551627,581300.2717055154
NY,CPI,1941,15.25,0,1834861.8658551627,581300.2717055154
NY,CPI,1942,16.75,0,1834861.8658551627,581300.2717055154
NY,CPI,1943,18.1,0,1834861.8658551627,581300.2717055154
NY,CPI,1944,18.45,0,1834861.8658551627,581300.2717055154
NY,CPI,1945,18.9,0,1834861.8658551627,581300.2717055154
NY,CPI,1946,20.4,0,1834861.8658551627,581300.2717055154
NY,CPI,1947,23,0,1834861.8658551627,581300.2717055154
NY,CPI,1948,24.7,0,1834861.8658551627,581300.2717055154
NY,CPI,1949,24.5,0,1834861.8658551627,581300.2717055154
NY,CPI,1950,24.5,0,1834861.8658551627,581300.2717055154
NY,CPI,1951,26.4,0,1834861.8658551627,581300.2717055154
NY,CPI,1952,26.9,0,1834861.8658551627,581300.2717055154
NY,CPI,1953,27.05,0,1834861.8658551627,581300.2717055154
NY,CPI,1954,27.2,0,1834861.8658551627,581300.2717055154
NY,CPI,1955,27.1,0,1834861.8658551627,581300.2717055154
NY,CPI,1956,27.5,0,1834861.8658551627,581300.2717055154
NY,CPI,1957,28.45,0,1834861.8658551627,581300.2717055154
NY,CPI,1958,29.2,0,1834861.8658551627,581300.2717055154
NY,CPI,1959,29.65,0,1834861.8658551627,581300.2717055154
NY,CPI,1960,30.1,0,1834861.8658551627,581300.2717055154
NY,CPI,1961,30.45,0,1834861.8658551627,581300.2717055154
NY,CPI,1962,30.85,0,1834861.8658551627,581300.2717055154
NY,CPI,1963,31.700000000000003,0,1834861.8658551627,581300.2717055154
NY,CPI,1964,32.05,0,1834861.8658551627,581300.2717055154
NY,CPI,1965,32.650000000000006,0,1834861.8658551627,581300.2717055154
NY,CPI,1966,33.65,0,1834861.8658551627,581300.2717055154
NY,CPI,1967,34.55,0,1834861.8658551627,581300.2717055154
NY,CPI,1968,36,0,1834861.8658551627,581300.2717055154
NY,CPI,1969,38.349999999999994,0,1834861.8658551627,581300.2717055154
NY,CPI,1970,41.25,0,1834861.8658551627,581300.2717055154
NY,CPI,1971,43.75,0,1834861.8658551627,581300.2717055154
NY,CPI,1972,45.4,0,1834861.8658551627,581300.2717055154
NY,CPI,1973,48.150000000000006,0,1834861.8658551627,581300.2717055154
NY,CPI,1974,53.3,0,1834861.8658551627,581300.2717055154
NY,CPI,1975,57.35,0,1834861.8658551627,581300.2717055154
NY,CPI,1976,61,0,1834861.8658551627,581300.2717055154
NY,CPI,1977,64.45,0,1834861.8658551627,581300.2717055154
NY,CPI,1978,68.05,0,1834861.8658551627,581300.2717055154
NY,CPI,1979,73.75,0,1834861.8658551627,581300.2717055154
NY,CPI,1980,82.35,0,1834861.8658551627,581300.2717055154
NY,CPI,1981,90.15,0,1834861.8658551627,581300.2717055154
NY,CPI,1982,95.80000000000001,0,1834861.8658551627,581300.2717055154
NY,CPI,1983,99.85,0,1834861.8658551627,581300.2717055154
NY,CPI,1984,104.55,0,1834861.8658551627,581300.2717055154
NY,CPI,1985,108.35,0,1834861.8658551627,581300.2717055154
NY,CPI,1986,112.15,0,1834861.8658551627,581300.2717055154
NY,CPI,1987,117.85,0,1834861.8658551627,581300.2717055154
NY,CPI,1988,123.35,0,1834861.8658551627,581300.2717055154
NY,CPI,1989,130.55,0,1834861.8658551627,581300.2717055154
NY,CPI,1990,137.85000000000002,0,1834861.8658551627,581300.2717055154
NY,CPI,1991,144.89999999999998,0,1834861.8658551627,581300.2717055154
NY,CPI,1992,149.7,0,1834861.8658551627,581300.2717055154
NY,CPI,1993,154.25,0,1834861.8658551627,581300.2717055154
NY,CPI,1994,158.05,0,1834861.8658551627,581300.2717055154
NY,CPI,1995,162.25,0,1834861.8658551627,581300.2717055154
NY,CPI,1996,166.6,0,1834861.8658551627,581300.2717055154
NY,CPI,1997,170.75,0,1834861.8658551627,581300.2717055154
NY,CPI,1998,173.35,0,1834861.8658551627,581300.2717055154
NY,CPI,1999,177,0,1834861.8658551627,581300.2717055154
NY,CPI,2000,182.4,0,1834861.8658551627,581300.2717055154
NY,CPI,2001,187.55,0,1834861.8658551627,581300.2717055154
NY,CPI,2002,191.9,0,1834861.8658551627,581300.2717055154
NY,CPI,2003,197.39999999999998,0,1834861.8658551627,581300.2717055154
NY,CPI,2004,205.6,0,1834861.8658551627,581300.2717055154
NY,CPI,2005,212.5,0,1834861.8658551627,581300.2717055154
NY,CPI,2006,221.45,0,1834861.8658551627,581300.2717055154
NY,CPI,2007,228.28300000000002,0,1834861.8658551627,581300.2717055154
NY,CPI,2008,235.3245,0,1834861.8658551627,581300.2717055154
NY,CPI,2009,237.386,0,1834861.8658551627,581300.2717055154
NY,CPI,2010,241.111,0,1834861.8658551627,581300.2717055154
NY,CPI,2011,248.406,0,1834861.8658551627,581300.2717055154
NY,CPI,2012,252.529,0,1834861.8658551627,581300.2717055154
NY,CPI,2013,256.99,0,1834861.8658551627,581300.2717055154
NY,CPI,2014,260.2425,0,1834861.8658551627,581300.2717055154
NY,CPI,2015,261.0375,0,1834861.8658551627,581300.2717055154
NY,CPI,2016,263.79949999999997,0,1834861.8658551627,581300.2717055154
NY,CPI,2017,268.41999999999996,0,1834861.8658551627,581300.2717055154
NY,CPI,2018,274.037,0,1834861.8658551627,581300.2717055154
NY,CPI,2019,278.8095,0,1834861.8658551627,581300.2717055154
NY,CPI,2020,282.93399999999997,0,1834861.8658551627,581300.2717055154
NY,CPI,2021,293.7125,0,1834861.8658551627,581300.2717055154
NY,CPI,2022,312.9475,0,1834861.8658551627,581300.2717055154
NY,CPI,2023,321.89300000000003,0,1834861.8658551627,581300.2717055154
NY,CPI,2024,331.27,0,1834861.8658551627,581300.2717055154
NY,Income,1969,4958,0,1834861.8658551627,581300.2717055154
NY,Income,1970,5290,0,1834861.8658551627,581300.2717055154
NY,Income,1971,5617,0,1834861.8658551627,581300.2717055154
NY,Income,1972,6039,0,1834861.8658551627,581300.2717055154
NY,Income,1973,6480,0,1834861.8658551627,581300.2717055154
NY,Income,1974,7020,0,1834861.8658551627,581300.2717055154
NY,Income,1975,7599,0,1834861.8658551627,581300.2717055154
NY,Income,1976,8112,0,1834861.8658551627,581300.2717055154
NY,Income,1977,8850,0,1834861.8658551627,581300.2717055154
NY,Income,1978,9757,0,1834861.8658551627,581300.2717055154
NY,Income,1979,10724,0,1834861.8658551627,581300.2717055154
NY,Income,1980,12021,0,1834861.8658551627,581300.2717055154
NY,Income,1981,13410,0,1834861.8658551627,581300.2717055154
NY,Income,1982,14526,0,1834861.8658551627,581300.2717055154
NY,Income,1983,15632,0,1834861.8658551627,581300.2717055154
NY,Income,1984,17189,0,1834861.8658551627,581300.2717055154
NY,Income,1985,18362,0,1834861.8658551627,581300.2717055154
NY,Income,1986,19577,0,1834861.8658551627,581300.2717055154
NY,Income,1987,20931,0,1834861.8658551627,581300.2717055154
NY,Income,1988,23130,0,1834861.8658551627,581300.2717055154
NY,Income,1989,24890,0,1834861.8658551627,581300.2717055154
NY,Income,1990,26614,0,1834861.8658551627,581300.2717055154
NY,Income,1991,26461,0,1834861.8658551627,581300.2717055154
NY,Income,1992,27880,0,1834861.8658551627,581300.2717055154
NY,Income,1993,28507,0,1834861.8658551627,581300.2717055154
NY,Income,1994,29243,0,1834861.8658551627,581300.2717055154
NY,Income,1995,30835,0,1834861.8658551627,581300.2717055154
NY,Income,1996,32447,0,1834861.8658551627,581300.2717055154
NY,Income,1997,34167,0,1834861.8658551627,581300.2717055154
NY,Income,1998,36062,0,1834861.8658551627,581300.2717055154
NY,Income,1999,37759,0,1834861.8658551627,581300.2717055154
NY,Income,2000,40800,0,1834861.8658551627,581300.2717055154
NY,Income,2001,42242,0,1834861.8658551627,581300.2717055154
NY,Income,2002,41922,0,1834861.8658551627,581300.2717055154
NY,Income,2003,42281,0,1834861.8658551627,581300.2717055154
NY,Income,2004,44165,0,1834861.8658551627,581300.2717055154
NY,Income,2005,46013,0,1834861.8658551627,581300.2717055154
NY,Income,2006,49832,0,1834861.8658551627,581300.2717055154
NY,Income,2007,53634,0,1834861.8658551627,581300.2717055154
NY,Income,2008,54318,0,1834861.8658551627,581300.2717055154
NY,Income,2009,52447,0,1834861.8658551627,581300.2717055154
NY,Income,2010,54062,0,1834861.8658551627,581300.2717055154
NY,Income,2011,56455,0,1834861.8658551627,581300.2717055154
NY,Income,2012,58446,0,1834861.8658551627,581300.2717055154
NY,Income,2013,58611,0,1834861.8658551627,581300.2717055154
NY,Income,2014,60631,0,1834861.8658551627,581300.2717055154
NY,Income,2015,62877,0,1834861.8658551627,581300.2717055154
NY,Income,2016,64886,0,1834861.8658551627,581300.2717055154
NY,Income,2017,68621,0,1834861.8658551627,581300.2717055154
NY,Income,2018,71172,0,1834861.8658551627,581300.2717055154
NY,Income,2019,73798,0,1834861.8658551627,581300.2717055154
NY,Income,2020,76868,0,1834861.8658551627,581300.2717055154
NY,Income,2021,83962,0,1834861.8658551627,581300.2717055154
NY,Income,2022,84084,0,1834861.8658551627,581300.2717055154
SF,CPI,1914,9.2,0,-2263200.520938798,345553.3778688653
SF,CPI,1915,9.2,0,-2263200.520938798,345553.3778688653
SF,CPI,1916,10,0,-2263200.520938798,345553.3778688653
SF,CPI,1917,11.6,0,-2263200.520938798,345553.3778688653
SF,CPI,1918,14.1,0,-2263200.520938798,345553.3778688653
SF,CPI,1919,15.5,0,-2263200.520938798,345553.3778688653
SF,CPI,1920,17,0,-2263200.520938798,345553.3778688653
SF,CPI,1921,15,0,-2263200.520938798,345553.3778688653
SF,CPI,1922,14.6,0,-2263200.520938798,345553.3778688653
SF,CPI,1923,14.7,0,-2263200.520938798,345553.3778688653
SF,CPI,1924,14.649999999999999,0,-2263200.520938798,345553.3778688653
SF,CPI,1925,15.2,0,-2263200.520938798,345553.3778688653
SF,CPI,1926,15,0,-2263200.520938798,345553.3778688653
SF,CPI,1927,14.95,0,-2263200.520938798,345553.3778688653
SF,CPI,1928,14.9,0,-2263200.520938798,345553.3778688653
SF,CPI,1929,14.850000000000001,0,-2263200.520938798,345553.3778688653
SF,CPI,1930,14.35,0,-2263200.520938798,345553.3778688653
SF,CPI,1931,13.100000000000001,0,-2263200.520938798,345553.3778688653
SF,CPI,1932,12.1,0,-2263200.520938798,345553.3778688653
SF,CPI,1933,11.899999999999999,0,-2263200.520938798,345553.3778688653
SF,CPI,1934,12.35,0,-2263200.520938798,345553.3778688653
SF,CPI,1935,12.3,0,-2263200.520938798,345553.3778688653
SF,CPI,1936,12.4,0,-2263200.520938798,345553.3778688653
SF,CPI,1937,12.850000000000001,0,-2263200.520938798,345553.3778688653
SF,CPI,1938,12.8,0,-2263200.520938798,345553.3778688653
SF,CPI,1939,12.649999999999999,0,-2263200.520938798,345553.3778688653
SF,CPI,1940,12.75,0,-2263200.520938798,345553.3778688653
SF,CPI,1941,13.3,0,-2263200.520938798,345553.3778688653
SF,CPI,1942,14.9,0,-2263200.520938798,345553.3778688653
SF,CPI,1943,15.95,0,-2263200.520938798,345553.3778688653
SF,CPI,1944,16.4,0,-2263200.520938798,345553.3778688653
SF,CPI,1945,16.8,0,-2263200.520938798,345553.3778688653
SF,CPI,1946,17.799999999999997,0,-2263200.520938798,345553.3778688653
SF,CPI,1947,20.3,0,-2263200.520938798,345553.3778688653
SF,CPI,1948,22.2,0,-2263200.520938798,345553.3778688653
SF,CPI,1949,21.95,0,-2263200.520938798,345553.3778688653
SF,CPI,1950,21.950000000000003,0,-2263200.520938798,345553.3778688653
SF,CPI,1951,23.75,0,-2263200.520938798,345553.3778688653
SF,CPI,1952,24.75,0,-2263200.520938798,345553.3778688653
SF,CPI,1953,25.1,0,-2263200.520938798,345553.3778688653
SF,CPI,1954,25.05,0,-2263200.520938798,345553.3778688653
SF,CPI,1955,24.9,0,-2263200.520938798,345553.3778688653
SF,CPI,1956,25.5,0,-2263200.520938798,345553.3778688653
SF,CPI,1957,26.5,0,-2263200.520938798,345553.3778688653
SF,CPI,1958,27.6,0,-2263200.520938798,345553.3778688653
SF,CPI,1959,28.049999999999997,0,-2263200.520938798,345553.3778688653
SF,CPI,1960,28.6,0,-2263200.520938798,345553.3778688653
SF,CPI,1961,28.9,0,-2263200.520938798,345553.3778688653
SF,CPI,1962,29.4,0,-2263200.520938798,345553.3778688653
SF,CPI,1963,29.85,0,-2263200.520938798,345553.3778688653
SF,CPI,1964,30.25,0,-2263200.520938798,345553.3778688653
SF,CPI,1965,30.85,0,-2263200.520938798,345553.3778688653
SF,CPI,1966,31.65,0,-2263200.520938798,345553.3778688653
SF,CPI,1967,32.65,0,-2263200.520938798,345553.3778688653
SF,CPI,1968,34.15,0,-2263200.520938798,345553.3778688653
SF,CPI,1969,36,0,-2263200.520938798,345553.3778688653
SF,CPI,1970,37.8,0,-2263200.520938798,345553.3778688653
SF,CPI,1971,39.15,0,-2263200.520938798,345553.3778688653
SF,CPI,1972,40.65,0,-2263200.520938798,345553.3778688653
SF,CPI,1973,43.15,0,-2263200.520938798,345553.3778688653
SF,CPI,1974,47.5,0,-2263200.520938798,345553.3778688653
SF,CPI,1975,52.05,0,-2263200.520938798,345553.3778688653
SF,CPI,1976,54.8,0,-2263200.520938798,345553.3778688653
SF,CPI,1977,59.349999999999994,0,-2263200.520938798,345553.3778688653
SF,CPI,1978,65.05,0,-2263200.520938798,345553.3778688653
SF,CPI,1979,70.05,0,-2263200.520938798,345553.3778688653
SF,CPI,1980,81.15,0,-2263200.520938798,345553.3778688653
SF,CPI,1981,91.35,0,-2263200.520938798,345553.3778688653
SF,CPI,1982,97.80000000000001,0,-2263200.520938798,345553.3778688653
SF,CPI,1983,99,0,-2263200.520938798,345553.3778688653
SF,CPI,1984,104.45,0,-2263200.520938798,345553.3778688653
SF,CPI,1985,108.80000000000001,0,-2263200.520938798,345553.3778688653
SF,CPI,1986,111.85,0,-2263200.520938798,345553.3778688653
SF,CPI,1987,115.4,0,-2263200.520938798,345553.3778688653
SF,CPI,1988,120.5,0,-2263200.520938798,345553.3778688653
SF,CPI,1989,126.55,0,-2263200.520938798,345553.3778688653
SF,CPI,1990,131.95,0,-2263200.520938798,345553.3778688653
SF,CPI,1991,137.89999999999998,0,-2263200.520938798,345553.3778688653
SF,CPI,1992,142.05,0,-2263200.520938798,345553.3778688653
SF,CPI,1993,146.35,0,-2263200.520938798,345553.3778688653
SF,CPI,1994,148.60000000000002,0,-2263200.520938798,345553.3778688653
SF,CPI,1995,151.5,0,-2263200.520938798,345553.3778688653
SF,CPI,1996,155.39999999999998,0,-2263200.520938798,345553.3778688653
SF,CPI,1997,160.3,0,-2263200.520938798,345553.3778688653
SF,CPI,1998,166.05,0,-2263200.520938798,345553.3778688653
SF,CPI,1999,172.85,0,-2263200.520938798,345553.3778688653
SF,CPI,2000,180.39999999999998,0,-2263200.520938798,345553.3778688653
SF,CPI,2001,190.75,0,-2263200.520938798,345553.3778688653
SF,CPI,2002,193.2,0,-2263200.520938798,345553.3778688653
SF,CPI,2003,196.3,0,-2263200.520938798,345553.3778688653
SF,CPI,2004,198.85,0,-2263200.520938798,345553.3778688653
SF,CPI,2005,202.75,0,-2263200.520938798,345553.3778688653
SF,CPI,2006,209.75,0,-2263200.520938798,345553.3778688653
SF,CPI,2007,216.1815,0,-2263200.520938798,345553.3778688653
SF,CPI,2008,223.6275,0,-2263200.520938798,345553.3778688653
SF,CPI,2009,224.96550000000002,0,-2263200.520938798,345553.3778688653
SF,CPI,2010,227.8255,0,-2263200.520938798,345553.3778688653
SF,CPI,2011,234.224,0,-2263200.520938798,345553.3778688653
SF,CPI,2012,239.6695,0,-2263200.520938798,345553.3778688653
SF,CPI,2013,245.823,0,-2263200.520938798,345553.3778688653
SF,CPI,2014,252.79500000000002,0,-2263200.520938798,345553.3778688653
SF,CPI,2015,259.517,0,-2263200.520938798,345553.3778688653
SF,CPI,2016,266.947,0,-2263200.520938798,345553.3778688653
SF,CPI,2017,275.59849999999994,0,-2263200.520938798,345553.3778688653
SF,CPI,2018,286.863,0,-2263200.520938798,345553.3778688653
SF,CPI,2019,295.3745,0,-2263200.520938798,345553.3778688653
SF,CPI,2020,300.10699999999997,0,-2263200.520938798,345553.3778688653
SF,CPI,2021,310.332,0,-2263200.520938798,345553.3778688653
SF,CPI,2022,329.705,0,-2263200.520938798,345553.3778688653
SF,CPI,2023,339.9855,0,-2263200.520938798,345553.3778688653
SF,CPI,2024,351.064,0,-2263200.520938798,345553.3778688653
SF,Income,1969,5323,0,-2263200.520938798,345553.3778688653
SF,Income,1970,5713,0,-2263200.520938798,345553.3778688653
SF,Income,1971,6066,0,-2263200.520938798,345553.3778688653
SF,Income,1972,6555,0,-2263200.520938798,345553.3778688653
SF,Income,1973,7011,0,-2263200.520938798,345553.3778688653
SF,Income,1974,7710,0,-2263200.520938798,345553.3778688653
SF,Income,1975,8510,0,-2263200.520938798,345553.3778688653
SF,Income,1976,9241,0,-2263200.520938798,345553.3778688653
SF,Income,1977,10072,0,-2263200.520938798,345553.3778688653
SF,Income,1978,11216,0,-2263200.520938798,345553.3778688653
SF,Income,1979,12472,0,-2263200.520938798,345553.3778688653
SF,Income,1980,13972,0,-2263200.520938798,345553.3778688653
SF,Income,1981,15583,0,-2263200.520938798,345553.3778688653
SF,Income,1982,16505,0,-2263200.520938798,345553.3778688653
SF,Income,1983,17700,0,-2263200.520938798,345553.3778688653
SF,Income,1984,19329,0,-2263200.520938798,345553.3778688653
SF,Income,1985,20423,0,-2263200.520938798,345553.3778688653
SF,Income,1986,21463,0,-2263200.520938798,345553.3778688653
SF,Income,1987,22365,0,-2263200.520938798,345553.3778688653
SF,Income,1988,24259,0,-2263200.520938798,345553.3778688653
SF,Income,1989,25571,0,-2263200.520938798,345553.3778688653
SF,Income,1990,26623,0,-2263200.520938798,345553.3778688653
SF,Income,1991,27566,0,-2263200.520938798,345553.3778688653
SF,Income,1992,28789,0,-2263200.520938798,345553.3778688653
SF,Income,1993,29630,0,-2263200.520938798,345553.3778688653
SF,Income,1994,30572,0,-2263200.520938798,345553.3778688653
SF,Income,1995,32513,0,-2263200.520938798,345553.3778688653
SF,Income,1996,34822,0,-2263200.520938798,345553.3778688653
SF,Income,1997,36352,0,-2263200.520938798,345553.3778688653
SF,Income,1998,39687,0,-2263200.520938798,345553.3778688653
SF,Income,1999,43131,0,-2263200.520938798,345553.3778688653
SF,Income,2000,49049,0,-2263200.520938798,345553.3778688653
SF,Income,2001,49517,0,-2263200.520938798,345553.3778688653
SF,Income,2002,48224,0,-2263200.520938798,345553.3778688653
SF,Income,2003,49014,0,-2263200.520938798,345553.3778688653
SF,Income,2004,51823,0,-2263200.520938798,345553.3778688653
SF,Income,2005,54879,0,-2263200.520938798,345553.3778688653
SF,Income,2006,59656,0,-2263200.520938798,345553.3778688653
SF,Income,2007,61972,0,-2263200.520938798,345553.3778688653
SF,Income,2008,62374,0,-2263200.520938798,345553.3778688653
SF,Income,2009,58896,0,-2263200.520938798,345553.3778688653
SF,Income,2010,60501,0,-2263200.520938798,345553.3778688653
SF,Income,2011,64480,0,-2263200.520938798,345553.3778688653
SF,Income,2012,68904,0,-2263200.520938798,345553.3778688653
SF,Income,2013,69370,0,-2263200.520938798,345553.3778688653
SF,Income,2014,73673,0,-2263200.520938798,345553.3778688653
SF,Income,2015,79560,0,-2263200.520938798,345553.3778688653
SF,Income,2016,83812,0,-2263200.520938798,345553.3778688653
SF,Income,2017,89560,0,-2263200.520938798,345553.3778688653
SF,Income,2018,95972,0,-2263200.520938798,345553.3778688653
SF,Income,2019,99758,0,-2263200.520938798,345553.3778688653
SF,Income,2020,107815,0,-2263200.520938798,345553.3778688653
SF,Income,2021,124398,0,-2263200.520938798,345553.3778688653
SF,Income,2022,123736,0,-2263200.520938798,345553.3778688653
NY,CPI_Income,1969,0.007734973779749898,1,1834861.8658551627,581300.2717055154
NY,CPI_Income,1970,0.0077977315689981095,1,1834861.8658551627,581300.2717055154
NY,CPI_Income,1971,0.007788855260815382,1,1834861.8658551627,581300.2717055154
NY,CPI_Income,1972,0.007517800960423911,1,1834861.8658551627,581300.2717055154
NY,CPI_Income,1973,0.0074305555555555566,1,1834861.8658551627,581300.2717055154
NY,CPI_Income,1974,0.007592592592592592,1,1834861.8658551627,581300.2717055154
NY,CPI_Income,1975,0.007547045663903146,1,1834861.8658551627,581300.2717055154
NY,CPI_Income,1976,0.007519723865877712,1,1834861.8658551627,581300.2717055154
NY,CPI_Income,1977,0.007282485875706215,1,1834861.8658551627,581300.2717055154
NY,CPI_Income,1978,0.006974479860612893,1,1834861.8658551627,581300.2717055154
NY,CPI_Income,1979,0.006877098097724729,1,1834861.8658551627,581300.2717055154
NY,CPI_Income,1980,0.006850511604691789,1,1834861.8658551627,581300.2717055154
NY,CPI_Income,1981,0.006722595078299777,1,1834861.8658551627,581300.2717055154
NY,CPI_Income,1982,0.006595070907338566,1,1834861.8658551627,581300.2717055154
NY,CPI_Income,1983,0.006387538382804503,1,1834861.8658551627,581300.2717055154
NY,CPI_Income,1984,0.006082378265169585,1,1834861.8658551627,581300.2717055154
NY,CPI_Income,1985,0.005900773336237882,1,1834861.8658551627,581300.2717055154
NY,CPI_Income,1986,0.0057286611840424995,1,1834861.8658551627,581300.2717055154
NY,CPI_Income,1987,0.005630404662940136,1,1834861.8658551627,581300.2717055154
NY,CPI_Income,1988,0.005332900994379593,1,1834861.8658551627,581300.2717055154
NY,CPI_Income,1989,0.0052450783447167545,1,1834861.8658551627,581300.2717055154
NY,CPI_Income,1990,0.0051796047193206594,1,1834861.8658551627,581300.2717055154
NY,CPI_Income,1991,0.005475983522920524,1,1834861.8658551627,581300.2717055154
NY,CPI_Income,1992,0.005369440459110473,1,1834861.8658551627,581300.2717055154
NY,CPI_Income,1993,0.005410951696074648,1,1834861.8658551627,581300.2717055154
NY,CPI_Income,1994,0.0054047122388263865,1,1834861.8658551627,581300.2717055154
NY,CPI_Income,1995,0.005261877736338576,1,1834861.8658551627,581300.2717055154
NY,CPI_Income,1996,0.00513452707492218,1,1834861.8658551627,581300.2717055154
NY,CPI_Income,1997,0.004997512219392981,1,1834861.8658551627,581300.2717055154
NY,CPI_Income,1998,0.004806999057179302,1,1834861.8658551627,581300.2717055154
NY,CPI_Income,1999,0.004687624142588522,1,1834861.8658551627,581300.2717055154
NY,CPI_Income,2000,0.004470588235294118,1,1834861.8658551627,581300.2717055154
NY,CPI_Income,2001,0.0044398939444155105,1,1834861.8658551627,581300.2717055154
NY,CPI_Income,2002,0.0045775487810696056,1,1834861.8658551627,581300.2717055154
NY,CPI_Income,2003,0.004668763747309666,1,1834861.8658551627,581300.2717055154
NY,CPI_Income,2004,0.0046552700101890635,1,1834861.8658551627,581300.2717055154
NY,CPI_Income,2005,0.00461826005694043,1,1834861.8658551627,581300.2717055154
NY,CPI_Income,2006,0.004443931610210307,1,1834861.8658551627,581300.2717055154
NY,CPI_Income,2007,0.00425631129507402,1,1834861.8658551627,581300.2717055154
NY,CPI_Income,2008,0.0043323483927979675,1,1834861.8658551627,581300.2717055154
NY,CPI_Income,2009,0.004526207409384712,1,1834861.8658551627,581300.2717055154
NY,CPI_Income,2010,0.004459897895009434,1,1834861.8658551627,581300.2717055154
NY,CPI_Income,2011,0.004400070852891683,1,1834861.8658551627,581300.2717055154
NY,CPI_Income,2012,0.004320723402799165,1,1834861.8658551627,581300.2717055154
NY,CPI_Income,2013,0.00438467181928307,1,1834861.8658551627,581300.2717055154
NY,CPI_Income,2014,0.004292234995299435,1,1834861.8658551627,581300.2717055154
NY,CPI_Income,2015,0.004151557803330312,1,1834861.8658551627,581300.2717055154
NY,CPI_Income,2016,0.004065584255463428,1,1834861.8658551627,581300.2717055154
NY,CPI_Income,2017,0.003911630550414595,1,1834861.8658551627,581300.2717055154
NY,CPI_Income,2018,0.0038503484516382845,1,1834861.8658551627,581300.2717055154
NY,CPI_Income,2019,0.003778008889129787,1,1834861.8658551627,581300.2717055154
NY,CPI_Income,2020,0.003680777436644637,1,1834861.8658551627,581300.2717055154
NY,CPI_Income,2021,0.0034981598818513136,1,1834861.8658551627,581300.2717055154
NY,CPI_Income,2022,0.0037218436325579182,1,1834861.8658551627,581300.2717055154
NY,Income_CPI,1969,129.28292046936116,1,1834861.8658551627,581300.2717055154
NY,Income_CPI,1970,128.24242424242425,1,1834861.8658551627,581300.2717055154
NY,Income_CPI,1971,128.38857142857142,1,1834861.8658551627,581300.2717055154
NY,Income_CPI,1972,133.01762114537445,1,1834861.8658551627,581300.2717055154
NY,Income_CPI,1973,134.57943925233644,1,1834861.8658551627,581300.2717055154
NY,Income_CPI,1974,131.70731707317074,1,1834861.8658551627,581300.2717055154
NY,Income_CPI,1975,132.5021795989538,1,1834861.8658551627,581300.2717055154
NY,Income_CPI,1976,132.98360655737704,1,1834861.8658551627,581300.2717055154
NY,Income_CPI,1977,137.31574864235841,1,1834861.8658551627,581300.2717055154
NY,Income_CPI,1978,143.37986774430567,1,1834861.8658551627,581300.2717055154
NY,Income_CPI,1979,145.41016949152544,1,1834861.8658551627,581300.2717055154
NY,Income_CPI,1980,145.9744990892532,1,1834861.8658551627,581300.2717055154
NY,Income_CPI,1981,148.75207986688852,1,1834861.8658551627,581300.2717055154
NY,Income_CPI,1982,151.62839248434236,1,1834861.8658551627,581300.2717055154
NY,Income_CPI,1983,156.55483224837258,1,1834861.8658551627,581300.2717055154
NY,Income_CPI,1984,164.40937350549976,1,1834861.8658551627,581300.2717055154
NY,Income_CPI,1985,169.46931241347485,1,1834861.8658551627,581300.2717055154
NY,Income_CPI,1986,174.56085599643333,1,1834861.8658551627,581300.2717055154
NY,Income_CPI,1987,177.6071277047094,1,1834861.8658551627,581300.2717055154
NY,Income_CPI,1988,187.515200648561,1,1834861.8658551627,581300.2717055154
NY,Income_CPI,1989,190.65492148602067,1,1834861.8658551627,581300.2717055154
NY,Income_CPI,1990,193.0649256438157,1,1834861.8658551627,581300.2717055154
NY,Income_CPI,1991,182.6155969634231,1,1834861.8658551627,581300.2717055154
NY,Income_CPI,1992,186.23914495657985,1,1834861.8658551627,581300.2717055154
NY,Income_CPI,1993,184.81037277147487,1,1834861.8658551627,581300.2717055154
NY,Income_CPI,1994,185.02372666877568,1,1834861.8658551627,581300.2717055154
NY,Income_CPI,1995,190.0462249614792,1,1834861.8658551627,581300.2717055154
NY,Income_CPI,1996,194.75990396158463,1,1834861.8658551627,581300.2717055154
NY,Income_CPI,1997,200.099560761347,1,1834861.8658551627,581300.2717055154
NY,Income_CPI,1998,208.02999711566196,1,1834861.8658551627,581300.2717055154
NY,Income_CPI,1999,213.3276836158192,1,1834861.8658551627,581300.2717055154
NY,Income_CPI,2000,223.68421052631578,1,1834861.8658551627,581300.2717055154
NY,Income_CPI,2001,225.23060517195412,1,1834861.8658551627,581300.2717055154
NY,Income_CPI,2002,218.45752996352266,1,1834861.8658551627,581300.2717055154
NY,Income_CPI,2003,214.18946301925027,1,1834861.8658551627,581300.2717055154
NY,Income_CPI,2004,214.8103112840467,1,1834861.8658551627,581300.2717055154
NY,Income_CPI,2005,216.53176470588235,1,1834861.8658551627,581300.2717055154
NY,Income_CPI,2006,225.0259652291714,1,1834861.8658551627,581300.2717055154
NY,Income_CPI,2007,234.94522150138204,1,1834861.8658551627,581300.2717055154
NY,Income_CPI,2008,230.82169514861394,1,1834861.8658551627,581300.2717055154
NY,Income_CPI,2009,220.93552273512339,1,1834861.8658551627,581300.2717055154
NY,Income_CPI,2010,224.22037982505984,1,1834861.8658551627,581300.2717055154
NY,Income_CPI,2011,227.26906757485727,1,1834861.8658551627,581300.2717055154
NY,Income_CPI,2012,231.44272538995523,1,1834861.8658551627,581300.2717055154
NY,Income_CPI,2013,228.06723997042687,1,1834861.8658551627,581300.2717055154
NY,Income_CPI,2014,232.97885625906605,1,1834861.8658551627,581300.2717055154
NY,Income_CPI,2015,240.87343772446485,1,1834861.8658551627,581300.2717055154
NY,Income_CPI,2016,245.96710759497273,1,1834861.8658551627,581300.2717055154
NY,Income_CPI,2017,255.64786528574626,1,1834861.8658551627,581300.2717055154
NY,Income_CPI,2018,259.71675357707176,1,1834861.8658551627,581300.2717055154
NY,Income_CPI,2019,264.6896895550546,1,1834861.8658551627,581300.2717055154
NY,Income_CPI,2020,271.6817349629242,1,1834861.8658551627,581300.2717055154
NY,Income_CPI,2021,285.8645784568243,1,1834861.8658551627,581300.2717055154
NY,Income_CPI,2022,268.68404444835,1,1834861.8658551627,581300.2717055154
SF,CPI_Income,1969,0.006763103513056547,1,-2263200.520938798,345553.3778688653
SF,CPI_Income,1970,0.0066164887099597405,1,-2263200.520938798,345553.3778688653
SF,CPI_Income,1971,0.0064540059347181,1,-2263200.520938798,345553.3778688653
SF,CPI_Income,1972,0.00620137299771167,1,-2263200.520938798,345553.3778688653
SF,CPI_Income,1973,0.0061546141777207245,1,-2263200.520938798,345553.3778688653
SF,CPI_Income,1974,0.00616083009079118,1,-2263200.520938798,345553.3778688653
SF,CPI_Income,1975,0.006116333725029377,1,-2263200.520938798,345553.3778688653
SF,CPI_Income,1976,0.005930094145655232,1,-2263200.520938798,345553.3778688653
SF,CPI_Income,1977,0.005892573471008736,1,-2263200.520938798,345553.3778688653
SF,CPI_Income,1978,0.005799750356633381,1,-2263200.520938798,345553.3778688653
SF,CPI_Income,1979,0.005616581141757537,1,-2263200.520938798,345553.3778688653
SF,CPI_Income,1980,0.005808044660750072,1,-2263200.520938798,345553.3778688653
SF,CPI_Income,1981,0.005862157479304369,1,-2263200.520938798,345553.3778688653
SF,CPI_Income,1982,0.005925477128142988,1,-2263200.520938798,345553.3778688653
SF,CPI_Income,1983,0.005593220338983051,1,-2263200.520938798,345553.3778688653
SF,CPI_Income,1984,0.00540379740286616,1,-2263200.520938798,345553.3778688653
SF,CPI_Income,1985,0.00532732703324683,1,-2263200.520938798,345553.3778688653
SF,CPI_Income,1986,0.005211293854540371,1,-2263200.520938798,345553.3778688653
SF,CPI_Income,1987,0.005159847976749386,1,-2263200.520938798,345553.3778688653
SF,CPI_Income,1988,0.004967228657405499,1,-2263200.520938798,345553.3778688653
SF,CPI_Income,1989,0.004948965625122209,1,-2263200.520938798,345553.3778688653
SF,CPI_Income,1990,0.004956240844382676,1,-2263200.520938798,345553.3778688653
SF,CPI_Income,1991,0.0050025393600812585,1,-2263200.520938798,345553.3778688653
SF,CPI_Income,1992,0.004934176247872452,1,-2263200.520938798,345553.3778688653
SF,CPI_Income,1993,0.004939250759365508,1,-2263200.520938798,345553.3778688653
SF,CPI_Income,1994,0.004860656810153082,1,-2263200.520938798,345553.3778688653
SF,CPI_Income,1995,0.004659674591701781,1,-2263200.520938798,345553.3778688653
SF,CPI_Income,1996,0.004462695996783642,1,-2263200.520938798,345553.3778688653
SF,CPI_Income,1997,0.004409661091549296,1,-2263200.520938798,345553.3778688653
SF,CPI_Income,1998,0.004183989719555522,1,-2263200.520938798,345553.3778688653
SF,CPI_Income,1999,0.004007558368690733,1,-2263200.520938798,345553.3778688653
SF,CPI_Income,2000,0.0036779546983628612,1,-2263200.520938798,345553.3778688653
SF,CPI_Income,2001,0.003852212371508775,1,-2263200.520938798,345553.3778688653
SF,CPI_Income,2002,0.0040063039150630385,1,-2263200.520938798,345553.3778688653
SF,CPI_Income,2003,0.004004978169502591,1,-2263200.520938798,345553.3778688653
SF,CPI_Income,2004,0.0038370993574281687,1,-2263200.520938798,345553.3778688653
SF,CPI_Income,2005,0.003694491517702582,1,-2263200.520938798,345553.3778688653
SF,CPI_Income,2006,0.003515991685664476,1,-2263200.520938798,345553.3778688653
SF,CPI_Income,2007,0.003488373781707868,1,-2263200.520938798,345553.3778688653
SF,CPI_Income,2008,0.0035852679000865743,1,-2263200.520938798,345553.3778688653
SF,CPI_Income,2009,0.003819707620211899,1,-2263200.520938798,345553.3778688653
SF,CPI_Income,2010,0.003765648501677658,1,-2263200.520938798,345553.3778688653
SF,CPI_Income,2011,0.0036325062034739453,1,-2263200.520938798,345553.3778688653
SF,CPI_Income,2012,0.0034783104028793684,1,-2263200.520938798,345553.3778688653
SF,CPI_Income,2013,0.0035436499927922736,1,-2263200.520938798,345553.3778688653
SF,CPI_Income,2014,0.0034313113352245736,1,-2263200.520938798,345553.3778688653
SF,CPI_Income,2015,0.003261902966314731,1,-2263200.520938798,345553.3778688653
SF,CPI_Income,2016,0.003185068963871522,1,-2263200.520938798,345553.3778688653
SF,CPI_Income,2017,0.0030772498883430096,1,-2263200.520938798,345553.3778688653
SF,CPI_Income,2018,0.0029890280498478723,1,-2263200.520938798,345553.3778688653
SF,CPI_Income,2019,0.0029609104031756853,1,-2263200.520938798,345553.3778688653
SF,CPI_Income,2020,0.0027835366136437414,1,-2263200.520938798,345553.3778688653
SF,CPI_Income,2021,0.002494670332320455,1,-2263200.520938798,345553.3778688653
SF,CPI_Income,2022,0.002664584276200944,1,-2263200.520938798,345553.3778688653
SF,Income_CPI,1969,147.86111111111111,1,-2263200.520938798,345553.3778688653
SF,Income_CPI,1970,151.13756613756615,1,-2263200.520938798,345553.3778688653
SF,Income_CPI,1971,154.94252873563218,1,-2263200.520938798,345553.3778688653
SF,Income_CPI,1972,161.25461254612546,1,-2263200.520938798,345553.3778688653
SF,Income_CPI,1973,162.47972190034764,1,-2263200.520938798,345553.3778688653
SF,Income_CPI,1974,162.31578947368422,1,-2263200.520938798,345553.3778688653
SF,Income_CPI,1975,163.49663784822286,1,-2263200.520938798,345553.3778688653
SF,Income_CPI,1976,168.63138686131387,1,-2263200.520938798,345553.3778688653
SF,Income_CPI,1977,169.70513900589722,1,-2263200.520938798,345553.3778688653
SF,Income_CPI,1978,172.42121445042275,1,-2263200.520938798,345553.3778688653
SF,Income_CPI,1979,178.0442541042113,1,-2263200.520938798,345553.3778688653
SF,Income_CPI,1980,172.17498459642636,1,-2263200.520938798,345553.3778688653
SF,Income_CPI,1981,170.5856595511768,1,-2263200.520938798,345553.3778688653
SF,Income_CPI,1982,168.76278118609406,1,-2263200.520938798,345553.3778688653
SF,Income_CPI,1983,178.78787878787878,1,-2263200.520938798,345553.3778688653
SF,Income_CPI,1984,185.05505026328387,1,-2263200.520938798,345553.3778688653
SF,Income_CPI,1985,187.7113970588235,1,-2263200.520938798,345553.3778688653
SF,Income_CPI,1986,191.89092534644615,1,-2263200.520938798,345553.3778688653
SF,Income_CPI,1987,193.80415944540727,1,-2263200.520938798,345553.3778688653
SF,Income_CPI,1988,201.31950207468878,1,-2263200.520938798,345553.3778688653
SF,Income_CPI,1989,202.06242591860925,1,-2263200.520938798,345553.3778688653
SF,Income_CPI,1990,201.76582038651006,1,-2263200.520938798,345553.3778688653
SF,Income_CPI,1991,199.89847715736045,1,-2263200.520938798,345553.3778688653
SF,Income_CPI,1992,202.66807462161208,1,-2263200.520938798,345553.3778688653
SF,Income_CPI,1993,202.45985650837036,1,-2263200.520938798,345553.3778688653
SF,Income_CPI,1994,205.73351278600265,1,-2263200.520938798,345553.3778688653
SF,Income_CPI,1995,214.6072607260726,1,-2263200.520938798,345553.3778688653
SF,Income_CPI,1996,224.0797940797941,1,-2263200.520938798,345553.3778688653
SF,Income_CPI,1997,226.77479725514658,1,-2263200.520938798,345553.3778688653
SF,Income_CPI,1998,239.0063233965673,1,-2263200.520938798,345553.3778688653
SF,Income_CPI,1999,249.5284929129303,1,-2263200.520938798,345553.3778688653
SF,Income_CPI,2000,271.89024390243907,1,-2263200.520938798,345553.3778688653
SF,Income_CPI,2001,259.5910878112713,1,-2263200.520938798,345553.3778688653
SF,Income_CPI,2002,249.6066252587992,1,-2263200.520938798,345553.3778688653
SF,Income_CPI,2003,249.68925114620478,1,-2263200.520938798,345553.3778688653
SF,Income_CPI,2004,260.61352778476237,1,-2263200.520938798,345553.3778688653
SF,Income_CPI,2005,270.67324290998766,1,-2263200.520938798,345553.3778688653
SF,Income_CPI,2006,284.41477949940406,1,-2263200.520938798,345553.3778688653
SF,Income_CPI,2007,286.66652789438507,1,-2263200.520938798,345553.3778688653
SF,Income_CPI,2008,278.91918480508883,1,-2263200.520938798,345553.3778688653
SF,Income_CPI,2009,261.8001426885456,1,-2263200.520938798,345553.3778688653
SF,Income_CPI,2010,265.5585085953943,1,-2263200.520938798,345553.3778688653
SF,Income_CPI,2011,275.2920281439989,1,-2263200.520938798,345553.3778688653
SF,Income_CPI,2012,287.4959058203067,1,-2263200.520938798,345553.3778688653
SF,Income_CPI,2013,282.194912599716,1,-2263200.520938798,345553.3778688653
SF,Income_CPI,2014,291.43377044640914,1,-2263200.520938798,345553.3778688653
SF,Income_CPI,2015,306.5695118238882,1,-2263200.520938798,345553.3778688653
SF,Income_CPI,2016,313.9649443522497,1,-2263200.520938798,345553.3778688653
SF,Income_CPI,2017,324.9654842098198,1,-2263200.520938798,345553.3778688653
SF,Income_CPI,2018,334.55691392755426,1,-2263200.520938798,345553.3778688653
SF,Income_CPI,2019,337.73396146248234,1,-2263200.520938798,345553.3778688653
SF,Income_CPI,2020,359.25519897903087,1,-2263200.520938798,345553.3778688653
SF,Income_CPI,2021,400.8545686555044,1,-2263200.520938798,345553.3778688653
SF,Income_CPI,2022,375.29306501266285,1,-2263200.520938798,345553.3778688653
